Workbook

Sheet Config
A1: Parámetros del proyecto — Reconversión racafe.com.co
A3: Fecha de inicio del proyecto | B3: 46261 | C3: ← EDITAR AQUÍ si el proyecto no arranca mañana. Todo el cronograma se recalcula solo.
A4: Jornada laboral | B4: 8h · Lunes a Viernes
A5: Colchón de contingencia sugerido (días hábiles) | B5: 10 | C5: ← EDITAR. Holgura extra sobre la fecha de lanzamiento estimada, antes de comprometerla con el cliente.
A7: Festivos Colombia | B7: → ver pestaña "Festivos" (se pueden editar/agregar ahí, todo el cronograma se recalcula solo)

Sheet Festivos
A1: Festivos Colombia — vigentes durante el proyecto (editable)
A2: Fecha | B2: Festivo
A3: 46023 | B3: Año Nuevo
A4: 46034 | B4: Día de los Reyes Magos
A5: 46104 | B5: Día de San José
A6: 46114 | B6: Jueves Santo
A7: 46115 | B7: Viernes Santo
A8: 46143 | B8: Día del Trabajo
A9: 46160 | B9: Ascensión del Señor
A10: 46181 | B10: Corpus Christi
A11: 46188 | B11: Sagrado Corazón de Jesús
A12: 46202 | B12: San Pedro y San Pablo
A13: 46216 | B13: Virgen de Chiquinquirá (nuevo festivo, Ley 2578 de 2026)
A14: 46223 | B14: Independencia de Colombia
... A21: 46381 | B21: Navidad
A23: Nota: si el proyecto se extiende más allá de dic. 2026, agregar aquí los festivos de 2027 (las fórmulas del Cronograma ya apuntan a este rango; solo agrega filas debajo de la última fecha y actualiza el rango de referencia si te sales de A3:A21).

Sheet Cronograma
A1: CRONOGRAMA — Reconversión racafe.com.co Home + 3 secciones por perfil de cliente + Quiénes somos / Contacto + Landing Crecer | R1: AVANCE EN EL TIEMPO — cada columna = 1 día hábil desde la fecha de inicio (Config). Fines de semana y festivos no se muestran.
R2: AGOSTO | U2: SEPTIEMBRE | AQ2: OCTUBRE | BL2: NOVIEMBRE | CE2: DICIEMBRE
A3: ID | B3: Fase | C3: Bloque / Tarea | D3: Responsable(s) | E3: Días hábiles | F3: Fecha inicio (plan) | G3: Fecha fin (plan) | H3: Fecha inicio real | I3: Fecha fin real | J3: Holgura (días hábiles) | K3: Riesgo | L3: Estado (automático) | M3: % Avance (automático) | N3: Alerta | O3: Cumplimiento | P3: Punto crítico | Q3: Depende de / Notas | R3: =WORKDAY(Config!$B$3,0,Festivos!$A$3:$A$21) -> 46261 | S3: =WORKDAY(Config!$B$3,1,Festivos!$A$3:$A$21) -> 46262 | T3: =WORKDAY(Config!$B$3,2,Festivos!$A$3:$A$21) -> 46265 | U3: =WORKDAY(Config!$B$3,3,Festivos!$A$3:$A$21) -> 46266 | V3: =WORKDAY(Config!$B$3,4,Festivos!$A$3:$A$21) -> 46267 | W3: =WORKDAY(Config!$B$3,5,Festivos!$A$3:$A$21) -> 46268 | X3: =WORKDAY(Config!$B$3,6,Festivos!$A$3:$A$21) -> 46269 | Y3: =WORKDAY(Config!$B$3,7,Festivos!$A$3:$A$21) -> 46272 | Z3: =WORKDAY(Config!$B$3,8,Festivos!$A$3:$A$21) -> 46273 | AA3: =WORKDAY(Config!$B$3,9,Festivos!$A$3:$A$21) -> 46274 | AB3: =WORKDAY(Config!$B$3,10,Festivos!$A$3:$A$21) -> 46275 | AC3: =WORKDAY(Config!$B$3,11,Festivos!$A$3:$A$21) -> 46276 | AD3: =WORKDAY(Config!$B$3,12,Festivos!$A$3:$A$21) -> 46279 | AE3: =WORKDAY(Config!$B$3,13,Festivos!$A$3:$A$21) -> 46280 | AF3: =WORKDAY(Config!$B$3,14,Festivos!$A$3:$A$21) -> 46281 | AG3: =WORKDAY(Config!$B$3,15,Festivos!$A$3:$A$21) -> 46282 | AH3: =WORKDAY(Config!$B$3,16,Festivos!$A$3:$A$21) -> 46283 | AI3: =WORKDAY(Config!$B$3,17,Festivos!$A$3:$A$21) -> 46286 | AJ3: =WORKDAY(Config!$B$3,18,Festivos!$A$3:$A$21) -> 46287 | AK3: =WORKDAY(Config!$B$3,19,Festivos!$A$3:$A$21) -> 46288 | AL3: =WORKDAY(Config!$B$3,20,Festivos!$A$3:$A$21) -> 46289 | AM3: =WORKDAY(Config!$B$3,21,Festivos!$A$3:$A$21) -> 46290 | AN3: =WORKDAY(Config!$B$3,22,Festivos!$A$3:$A$21) -> 46293 | AO3: =WORKDAY(Config!$B$3,23,Festivos!$A$3:$A$21) -> 46294 | AP3: =WORKDAY(Config!$B$3,24,Festivos!$A$3:$A$21) -> 46295 | AQ3: =WORKDAY(Config!$B$3,25,Festivos!$A$3:$A$21) -> 46296 | AR3: =WORKDAY(Config!$B$3,26,Festivos!$A$3:$A$21) -> 46297 | AS3: =WORKDAY(Config!$B$3,27,Festivos!$A$3:$A$21) -> 46300 | AT3: =WORKDAY(Config!$B$3,28,Festivos!$A$3:$A$21) -> 46301 | AU3: =WORKDAY(Config!$B$3,29,Festivos!$A$3:$A$21) -> 46302 | AV3: =WORKDAY(Config!$B$3,30,Festivos!$A$3:$A$21) -> 46303 | AW3: =WORKDAY(Config!$B$3,31,Festivos!$A$3:$A$21) -> 46304 | AX3: =WORKDAY(Config!$B$3,32,Festivos!$A$3:$A$21) -> 46308 | AY3: =WORKDAY(Config!$B$3,33,Festivos!$A$3:$A$21) -> 46309 | AZ3: =WORKDAY(Config!$B$3,34,Festivos!$A$3:$A$21) -> 46310 | BA3: =WORKDAY(Config!$B$3,35,Festivos!$A$3:$A$21) -> 46311 | BB3: =WORKDAY(Config!$B$3,36,Festivos!$A$3:$A$21) -> 46314 | BC3: =WORKDAY(Config!$B$3,37,Festivos!$A$3:$A$21) -> 46315 | BD3: =WORKDAY(Config!$B$3,38,Festivos!$A$3:$A$21) -> 46316 | BE3: =WORKDAY(Config!$B$3,39,Festivos!$A$3:$A$21) -> 46317 | BF3: =WORKDAY(Config!$B$3,40,Festivos!$A$3:$A$21) -> 46318 | BG3: =WORKDAY(Config!$B$3,41,Festivos!$A$3:$A$21) -> 46321 | BH3: =WORKDAY(Config!$B$3,42,Festivos!$A$3:$A$21) -> 46322 | BI3: =WORKDAY(Config!$B$3,43,Festivos!$A$3:$A$21) -> 46323 | BJ3: =WORKDAY(Config!$B$3,44,Festivos!$A$3:$A$21) -> 46324 | BK3: =WORKDAY(Config!$B$3,45,Festivos!$A$3:$A$21) -> 46325 | BL3: =WORKDAY(Config!$B$3,46,Festivos!$A$3:$A$21) -> 46329 | BM3: =WORKDAY(Config!$B$3,47,Festivos!$A$3:$A$21) -> 46330 | BN3: =WORKDAY(Config!$B$3,48,Festivos!$A$3:$A$21) -> 46331 | BO3: =WORKDAY(Config!$B$3,49,Festivos!$A$3:$A$21) -> 46332 | BP3: =WORKDAY(Config!$B$3,50,Festivos!$A$3:$A$21) -> 46335 | BQ3: =WORKDAY(Config!$B$3,51,Festivos!$A$3:$A$21) -> 46336 | BR3: =WORKDAY(Config!$B$3,52,Festivos!$A$3:$A$21) -> 46337 | BS3: =WORKDAY(Config!$B$3,53,Festivos!$A$3:$A$21) -> 46338 | BT3: =WORKDAY(Config!$B$3,54,Festivos!$A$3:$A$21) -> 46339 | BU3: =WORKDAY(Config!$B$3,55,Festivos!$A$3:$A$21) -> 46343 | BV3: =WORKDAY(Config!$B$3,56,Festivos!$A$3:$A$21) -> 46344 | BW3: =WORKDAY(Config!$B$3,57,Festivos!$A$3:$A$21) -> 46345 | BX3: =WORKDAY(Config!$B$3,58,Festivos!$A$3:$A$21) -> 46346 | BY3: =WORKDAY(Config!$B$3,59,Festivos!$A$3:$A$21) -> 46349 | BZ3: =WORKDAY(Config!$B$3,60,Festivos!$A$3:$A$21) -> 46350 | CA3: =WORKDAY(Config!$B$3,61,Festivos!$A$3:$A$21) -> 46351 | CB3: =WORKDAY(Config!$B$3,62,Festivos!$A$3:$A$21) -> 46352 | CC3: =WORKDAY(Config!$B$3,63,Festivos!$A$3:$A$21) -> 46353 | CD3: =WORKDAY(Config!$B$3,64,Festivos!$A$3:$A$21) -> 46356 | CE3: =WORKDAY(Config!$B$3,65,Festivos!$A$3:$A$21) -> 46357 | CF3: =WORKDAY(Config!$B$3,66,Festivos!$A$3:$A$21) -> 46358 | CG3: =WORKDAY(Config!$B$3,67,Festivos!$A$3:$A$21) -> 46359 | CH3: =WORKDAY(Config!$B$3,68,Festivos!$A$3:$A$21) -> 46360 | CI3: =WORKDAY(Config!$B$3,69,Festivos!$A$3:$A$21) -> 46363 | CJ3: =WORKDAY(Config!$B$3,70,Festivos!$A$3:$A$21) -> 46365 | CK3: =WORKDAY(Config!$B$3,71,Festivos!$A$3:$A$21) -> 46366 | CL3: =WORKDAY(Config!$B$3,72,Festivos!$A$3:$A$21) -> 46367 | CM3: =WORKDAY(Config!$B$3,73,Festivos!$A$3:$A$21) -> 46370 | CN3: =WORKDAY(Config!$B$3,74,Festivos!$A$3:$A$21) -> 46371 | CO3: =WORKDAY(Config!$B$3,75,Festivos!$A$3:$A$21) -> 46372 | CP3: =WORKDAY(Config!$B$3,76,Festivos!$A$3:$A$21) -> 46373 | CQ3: =WORKDAY(Config!$B$3,77,Festivos!$A$3:$A$21) -> 46374 | CR3: =WORKDAY(Config!$B$3,78,Festivos!$A$3:$A$21) -> 46377 | CS3: =WORKDAY(Config!$B$3,79,Festivos!$A$3:$A$21) -> 46378
A4: 1.1 | B4: Fase 1 — Definición técnica y diseño | C4: Kickoff y definición técnica final (plataforma, accesos Racafé) | D4: Cliente, Sistemas Racafé, Elan, Consultor Externo | E4: 3 | F4: =Config!$B$3 -> 46261 | G4: =WORKDAY(F4,E4-1,Festivos!$A$3:$A$21) -> 46265 | H4: 46261 | I4: 46261 | J4: 0 | K4: Alto | L4: =IF(I4<>"","Completado",IF(H4<>"","En curso","Pendiente")) -> Completado | M4: =IF(L4="Completado",1,IF(L4="Pendiente",0,IF(F4=G4,IF(TODAY()>=G4,1,0),MIN(MAX((TODAY()-F4)/(G4-F4),0),0.95)))) -> 1 | N4: =IF(L4="Completado","",IF(AND(L4="Pendiente",TODAY()>F4),"🔴 No iniciada (debía empezar "&TEXT(F4,"DD/MM")&")",IF(TODAY()>G4,"🔴 Fuera de tiempo (debía entregarse "&TEXT(G4,"DD/MM")&")",IF(TODAY()>=WORKDAY(G4,-2,Festivos!$A$3:$A$21),"🟡 Por vencer","")))) | O4: =IF(I4<>"",IF(I4<=G4,IF(I4=G4,"✅ A tiempo","✅ Adelantado "&(NETWORKDAYS(I4,G4,Festivos!$A$3:$A$21)-1)&"d"),"🔴 Retrasado "&(NETWORKDAYS(G4,I4,Festivos!$A$3:$A$21)-1)&"d"),IF(H4<>"","🟡 En desarrollo","⚪ Sin iniciar")) -> ✅ Adelantado 2d | P4: =IF(AND(J4=0,K4="Alto"),"⚠ Cuello de botella","") -> ⚠ Cuello de botella | Q4: Arranque del proyecto
A5: 1.2 | B5: Fase 1 — Definición técnica y diseño | C5: Diseño UX/UI — propuesta inicial (Figma, sistema de navegación) | D5: Diseñador, Elan | E5: 5 | F5: =WORKDAY(G4,1,Festivos!$A$3:$A$21) -> 46266 | G5: =WORKDAY(F5,E5-1,Festivos!$A$3:$A$21) -> 46272 | H5: 46262 | J5: 0 | K5: Medio | L5: =IF(I5<>"","Completado",IF(H5<>"","En curso","Pendiente")) -> En curso | M5: =IF(L5="Completado",1,IF(L5="Pendiente",0,IF(F5=G5,IF(TODAY()>=G5,1,0),MIN(MAX((TODAY()-F5)/(G5-F5),0),0.95)))) -> 0 | N5: =IF(L5="Completado","",IF(AND(L5="Pendiente",TODAY()>F5),"🔴 No iniciada (debía empezar "&TEXT(F5,"DD/MM")&")",IF(TODAY()>G5,"🔴 Fuera de tiempo (debía entregarse "&TEXT(G5,"DD/MM")&")",IF(TODAY()>=WORKDAY(G5,-2,Festivos!$A$3:$A$21),"🟡 Por vencer","")))) | O5: =IF(I5<>"",IF(I5<=G5,IF(I5=G5,"✅ A tiempo","✅ Adelantado "&(NETWORKDAYS(I5,G5,Festivos!$A$3:$A$21)-1)&"d"),"🔴 Retrasado "&(NETWORKDAYS(G5,I5,Festivos!$A$3:$A$21)-1)&"d"),IF(H5<>"","🟡 En desarrollo","⚪ Sin iniciar")) -> 🟡 En desarrollo | P5: =IF(AND(J5=0,K5="Alto"),"⚠ Cuello de botella","") | Q5: Depende de 1.1
A6: 1.3 | B6: Fase 1 — Definición técnica y diseño | C6: Revisión de diseño — Ronda 1 (Cliente / David Hoyos) | D6: Cliente, David Hoyos, Diseñador | E6: 1 | F6: =WORKDAY(G5,1,Festivos!$A$3:$A$21) -> 46273 | G6: =WORKDAY(F6,E6-1,Festivos!$A$3:$A$21) -> 46273 | J6: 0 | K6: Bajo | L6: =IF(I6<>"","Completado",IF(H6<>"","En curso","Pendiente")) -> Pendiente | M6: =IF(L6="Completado",1,IF(L6="Pendiente",0,IF(F6=G6,IF(TODAY()>=G6,1,0),MIN(MAX((TODAY()-F6)/(G6-F6),0),0.95)))) -> 0 | N6: =IF(L6="Completado","",IF(AND(L6="Pendiente",TODAY()>F6),"🔴 No iniciada (debía empezar "&TEXT(F6,"DD/MM")&")",IF(TODAY()>G6,"🔴 Fuera de tiempo (debía entregarse "&TEXT(G6,"DD/MM")&")",IF(TODAY()>=WORKDAY(G6,-2,Festivos!$A$3:$A$21),"🟡 Por vencer","")))) | O6: =IF(I6<>"",IF(I6<=G6,IF(I6=G6,"✅ A tiempo","✅ Adelantado "&(NETWORKDAYS(I6,G6,Festivos!$A$3:$A$21)-1)&"d"),"🔴 Retrasado "&(NETWORKDAYS(G6,I6,Festivos!$A$3:$A$21)-1)&"d"),IF(H6<>"","🟡 En desarrollo","⚪ Sin iniciar")) -> ⚪ Sin iniciar | P6: =IF(AND(J6=0,K6="Alto"),"⚠ Cuello de botella","") | Q6: Depende de 1.2
A7: 1.4 | B7: Fase 1 — Definición técnica y diseño | C7: Ajustes de diseño — Ronda 1 | D7: Diseñador, Elan | E7: 2 | F7: =WORKDAY(G6,1,Festivos!$A$3:$A$21) -> 46274 | G7: =WORKDAY(F7,E7-1,Festivos!$A$3:$A$21) -> 46275 | J7: 0 | K7: Medio | L7: =IF(I7<>"","Completado",IF(H7<>"","En curso","Pendiente")) -> Pendiente | M7: =IF(L7="Completado",1,IF(L7="Pendiente",0,IF(F7=G7,IF(TODAY()>=G7,1,0),MIN(MAX((TODAY()-F7)/(G7-F7),0),0.95)))) -> 0 | N7: =IF(L7="Completado","",IF(AND(L7="Pendiente",TODAY()>F7),"🔴 No iniciada (debía empezar "&TEXT(F7,"DD/MM")&")",IF(TODAY()>G7,"🔴 Fuera de tiempo (debía entregarse "&TEXT(G7,"DD/MM")&")",IF(TODAY()>=WORKDAY(G7,-2,Festivos!$A$3:$A$21),"🟡 Por vencer","")))) | O7: =IF(I7<>"",IF(I7<=G7,IF(I7=G7,"✅ A tiempo","✅ Adelantado "&(NETWORKDAYS(I7,G7,Festivos!$A$3:$A$21)-1)&"d"),"🔴 Retrasado "&(NETWORKDAYS(G7,I7,Festivos!$A$3:$A$21)-1)&"d"),IF(H7<>"","🟡 En desarrollo","⚪ Sin iniciar")) -> ⚪ Sin iniciar | P7: =IF(AND(J7=0,K7="Alto"),"⚠ Cuello de botella","") | Q7: Depende de 1.3
A8: 1.5 | B8: Fase 1 — Definición técnica y diseño | C8: Revisión de diseño — Ronda 2 (Cliente) | D8: Cliente, David Hoyos, Diseñador | E8: 1 | F8: =WORKDAY(G7,1,Festivos!$A$3:$A$21) -> 46276 | G8: =WORKDAY(F8,E8-1,Festivos!$A$3:$A$21) -> 46276 | J8: 0 | K8: Bajo | L8: =IF(I8<>"","Completado",IF(H8<>"","En curso","Pendiente")) -> Pendiente | M8: =IF(L8="Completado",1,IF(L8="Pendiente",0,IF(F8=G8,IF(TODAY()>=G8,1,0),MIN(MAX((TODAY()-F8)/(G8-F8),0),0.95)))) -> 0 | N8: =IF(L8="Completado","",IF(AND(L8="Pendiente",TODAY()>F8),"🔴 No iniciada (debía empezar "&TEXT(F8,"DD/MM")&")",IF(TODAY()>G8,"🔴 Fuera de tiempo (debía entregarse "&TEXT(G8,"DD/MM")&")",IF(TODAY()>=WORKDAY(G8,-2,Festivos!$A$3:$A$21),"🟡 Por vencer","")))) | O8: =IF(I8<>"",IF(I8<=G8,IF(I8=G8,"✅ A tiempo","✅ Adelantado "&(NETWORKDAYS(I8,G8,Festivos!$A$3:$A$21)-1)&"d"),"🔴 Retrasado "&(NETWORKDAYS(G8,I8,Festivos!$A$3:$A$21)-1)&"d"),IF(H8<>"","🟡 En desarrollo","⚪ Sin iniciar")) -> ⚪ Sin iniciar | P8: =IF(AND(J8=0,K8="Alto"),"⚠ Cuello de botella","") | Q8: Depende de 1.4
A9: 1.6 | B9: Fase 1 — Definición técnica y diseño | C9: Ajustes finales y aprobación de diseño | D9: Diseñador, Elan | E9: 1 | F9: =WORKDAY(G8,1,Festivos!$A$3:$A$21) -> 46279 | G9: =WORKDAY(F9,E9-1,Festivos!$A$3:$A$21) -> 46279 | J9: 0 | K9: Bajo | L9: =IF(I9<>"","Completado",IF(H9<>"","En curso","Pendiente")) -> Pendiente | M9: =IF(L9="Completado",1,IF(L9="Pendiente",0,IF(F9=G9,IF(TODAY()>=G9,1,0),MIN(MAX((TODAY()-F9)/(G9-F9),0),0.95)))) -> 0 | N9: =IF(L9="Completado","",IF(AND(L9="Pendiente",TODAY()>F9),"🔴 No iniciada (debía empezar "&TEXT(F9,"DD/MM")&")",IF(TODAY()>G9,"🔴 Fuera de tiempo (debía entregarse "&TEXT(G9,"DD/MM")&")",IF(TODAY()>=WORKDAY(G9,-2,Festivos!$A$3:$A$21),"🟡 Por vencer","")))) | O9: =IF(I9<>"",IF(I9<=G9,IF(I9=G9,"✅ A tiempo","✅ Adelantado "&(NETWORKDAYS(I9,G9,Festivos!$A$3:$A$21)-1)&"d"),"🔴 Retrasado "&(NETWORKDAYS(G9,I9,Festivos!$A$3:$A$21)-1)&"d"),IF(H9<>"","🟡 En desarrollo","⚪ Sin iniciar")) -> ⚪ Sin iniciar | P9: =IF(AND(J9=0,K9="Alto"),"⚠ Cuello de botella","") | Q9: Depende de 1.5
A10: 1.7 | B10: Fase 1 — Definición técnica y diseño | C10: Setup técnico: repositorio, ambientes de prueba, estructura base (Flexible Content / Layout Builder) | D10: Max, Nata | E10: 8 | F10: =F5 -> 46266 | G10: =WORKDAY(F10,E10-1,Festivos!$A$3:$A$21) -> 46275 | J10: =NETWORKDAYS(G10,G9,Festivos!$A$3:$A$21)-1 -> 2 | K10: Alto | L10: =IF(I10<>"","Completado",IF(H10<>"","En curso","Pendiente")) -> Pendiente | M10: =IF(L10="Completado",1,IF(L10="Pendiente",0,IF(F10=G10,IF(TODAY()>=G10,1,0),MIN(MAX((TODAY()-F10)/(G10-F10),0),0.95)))) -> 0 | N10: =IF(L10="Completado","",IF(AND(L10="Pendiente",TODAY()>F10),"🔴 No iniciada (debía empezar "&TEXT(F10,"DD/MM")&")",IF(TODAY()>G10,"🔴 Fuera de tiempo (debía entregarse "&TEXT(G10,"DD/MM")&")",IF(TODAY()>=WORKDAY(G10,-2,Festivos!$A$3:$A$21),"🟡 Por vencer","")))) | O10: =IF(I10<>"",IF(I10<=G10,IF(I10=G10,"✅ A tiempo","✅ Adelantado "&(NETWORKDAYS(I10,G10,Festivos!$A$3:$A$21)-1)&"d"),"🔴 Retrasado "&(NETWORKDAYS(G10,I10,Festivos!$A$3:$A$21)-1)&"d"),IF(H10<>"","🟡 En desarrollo","⚪ Sin iniciar")) -> ⚪ Sin iniciar | P10: =IF(AND(J10=0,K10="Alto"),"⚠ Cuello de botella","") | Q10: Paralelo a 1.2–1.6 (depende de accesos de Sistemas Racafé)
A11: 1.8 | B11: Fase 1 — Definición técnica y diseño | C11: Consultoría externa: recomendaciones de arquitectura y seguridad | D11: Consultor Externo | E11: 3 | F11: =F5 -> 46266 | G11: =WORKDAY(F11,E11-1,Festivos!$A$3:$A$21) -> 46268 | J11: =NETWORKDAYS(G11,G9,Festivos!$A$3:$A$21)-1 -> 7 | K11: Medio | L11: =IF(I11<>"","Completado",IF(H11<>"","En curso","Pendiente")) -> Pendiente | M11: =IF(L11="Completado",1,IF(L11="Pendiente",0,IF(F11=G11,IF(TODAY()>=G11,1,0),MIN(MAX((TODAY()-F11)/(G11-F11),0),0.95)))) -> 0 | N11: =IF(L11="Completado","",IF(AND(L11="Pendiente",TODAY()>F11),"🔴 No iniciada (debía empezar "&TEXT(F11,"DD/MM")&")",IF(TODAY()>G11,"🔴 Fuera de tiempo (debía entregarse "&TEXT(G11,"DD/MM")&")",IF(TODAY()>=WORKDAY(G11,-2,Festivos!$A$3:$A$21),"🟡 Por vencer","")))) | O11: =IF(I11<>"",IF(I11<=G11,IF(I11=G11,"✅ A tiempo","✅ Adelantado "&(NETWORKDAYS(I11,G11,Festivos!$A$3:$A$21)-1)&"d"),"🔴 Retrasado "&(NETWORKDAYS(G11,I11,Festivos!$A$3:$A$21)-1)&"d"),IF(H11<>"","🟡 En desarrollo","⚪ Sin iniciar")) -> ⚪ Sin iniciar | P11: =IF(AND(J11=0,K11="Alto"),"⚠ Cuello de botella","") | Q11: Paralelo a 1.2–1.6
A12: 1.9 | B12: Fase 1 — Definición técnica y diseño | C12: Elaboración del entregable: paquete de diseño aprobado + base técnica lista | D12: Elan, Diseñador | E12: 1 | F12: =WORKDAY(MAX(G9,G10,G11),1,Festivos!$A$3:$A$21) -> 46280 | G12: =WORKDAY(F12,E12-1,Festivos!$A$3:$A$21) -> 46280 | J12: 0 | K12: Bajo | L12: =IF(I12<>"","Completado",IF(H12<>"","En curso","Pendiente")) -> Pendiente | M12: =IF(L12="Completado",1,IF(L12="Pendiente",0,IF(F12=G12,IF(TODAY()>=G12,1,0),MIN(MAX((TODAY()-F12)/(G12-F12),0),0.95)))) -> 0 | N12: =IF(L12="Completado","",IF(AND(L12="Pendiente",TODAY()>F12),"🔴 No iniciada (debía empezar "&TEXT(F12,"DD/MM")&")",IF(TODAY()>G12,"🔴 Fuera de tiempo (debía entregarse "&TEXT(G12,"DD/MM")&")",IF(TODAY()>=WORKDAY(G12,-2,Festivos!$A$3:$A$21),"🟡 Por vencer","")))) | O12: =IF(I12<>"",IF(I12<=G12,IF(I12=G12,"✅ A tiempo","✅ Adelantado "&(NETWORKDAYS(I12,G12,Festivos!$A$3:$A$21)-1)&"d"),"🔴 Retrasado "&(NETWORKDAYS(G12,I12,Festivos!$A$3:$A$21)-1)&"d"),IF(H12<>"","🟡 En desarrollo","⚪ Sin iniciar")) -> ⚪ Sin iniciar | P12: =IF(AND(J12=0,K12="Alto"),"⚠ Cuello de botella","") | Q12: Depende de 1.6, 1.7 y 1.8
A13: H1 | B13: Fase 1 — Definición técnica y diseño | C13: HITO · Diseño aprobado y base técnica lista | D13: — | E13: =NETWORKDAYS(F13,G13,Festivos!$A$3:$A$21) -> 14 | F13: =MIN(F4:F12) -> 46261 | G13: =G12 -> 46280 | J13: 0 | K13: =IF(COUNTIF(K4:K12,"Alto")>0,"Alto",IF(COUNTIF(K4:K12,"Medio")>0,"Medio","Bajo")) -> Alto | L13: =IF(COUNTIF(L4:L12,"Completado")=9,"Completado",IF(COUNTIF(L4:L12,"Bloqueado")>0,"Bloqueado",IF(COUNTIF(L4:L12,"En curso")>0,"En curso","Pendiente"))) -> En curso | M13: =AVERAGE(M4:M12) -> 0.11111111 | N13: =IF(COUNTIF(N4:N12,"🔴*")>0,"🔴 "&COUNTIF(N4:N12,"🔴*")&" tarea(s) atrasada(s)",IF(COUNTIF(N4:N12,"🟡*")>0,"🟡 "&COUNTIF(N4:N12,"🟡*")&" por vencer","")) | O13: =IF(I13<>"",IF(I13<=G13,IF(I13=G13,"✅ A tiempo","✅ Adelantado "&(NETWORKDAYS(I13,G13,Festivos!$A$3:$A$21)-1)&"d"),"🔴 Retrasado "&(NETWORKDAYS(G13,I13,Festivos!$A$3:$A$21)-1)&"d"),IF(H13<>"","🟡 En desarrollo","⚪ Sin iniciar")) -> ⚪ Sin iniciar | P13: =IF(COUNTIF(P4:P12,"*Cuello*")>0,"⚠ "&COUNTIF(P4:P12,"*Cuello*")&" cuello(s) de botella","") -> ⚠ 1 cuello(s) de botella | Q13: Cierra cuando termina 1.9
A14: 2.1.1 | B14: Fase 2 — Desarrollo por bloques | C14: Sprint 1 — Desarrollo: Home (landing con los 3 temas + selector) | D14: Max, Elan | E14: 5 | F14: =WORKDAY(G13,1,Festivos!$A$3:$A$21) -> 46281 | G14: =WORKDAY(F14,E14-1,Festivos!$A$3:$A$21) -> 46287 | J14: 0 | K14: Medio | L14: =IF(I14<>"","Completado",IF(H14<>"","En curso","Pendiente")) -> Pendiente | M14: =IF(L14="Completado",1,IF(L14="Pendiente",0,IF(F14=G14,IF(TODAY()>=G14,1,0),MIN(MAX((TODAY()-F14)/(G14-F14),0),0.95)))) -> 0 | N14: =IF(L14="Completado","",IF(AND(L14="Pendiente",TODAY()>F14),"🔴 No iniciada (debía empezar "&TEXT(F14,"DD/MM")&")",IF(TODAY()>G14,"🔴 Fuera de tiempo (debía entregarse "&TEXT(G14,"DD/MM")&")",IF(TODAY()>=WORKDAY(G14,-2,Festivos!$A$3:$A$21),"🟡 Por vencer","")))) | O14: =IF(I14<>"",IF(I14<=G14,IF(I14=G14,"✅ A tiempo","✅ Adelantado "&(NETWORKDAYS(I14,G14,Festivos!$A$3:$A$21)-1)&"d"),"🔴 Retrasado "&(NETWORKDAYS(G14,I14,Festivos!$A$3:$A$21)-1)&"d"),IF(H14<>"","🟡 En desarrollo","⚪ Sin iniciar")) -> ⚪ Sin iniciar | P14: =IF(AND(J14=0,K14="Alto"),"⚠ Cuello de botella","") | Q14: Depende de H1
A15: 2.1.2 | B15: Fase 2 — Desarrollo por bloques | C15: QA continua — Sprint 1 | D15: Nata | E15: 5 | F15: =F14 -> 46281 | G15: =WORKDAY(F15,E15-1,Festivos!$A$3:$A$21) -> 46287 | J15: =NETWORKDAYS(G15,G14,Festivos!$A$3:$A$21)-1 -> 0 | K15: Bajo | L15: =IF(I15<>"","Completado",IF(H15<>"","En curso","Pendiente")) -> Pendiente | M15: =IF(L15="Completado",1,IF(L15="Pendiente",0,IF(F15=G15,IF(TODAY()>=G15,1,0),MIN(MAX((TODAY()-F15)/(G15-F15),0),0.95)))) -> 0 | N15: =IF(L15="Completado","",IF(AND(L15="Pendiente",TODAY()>F15),"🔴 No iniciada (debía empezar "&TEXT(F15,"DD/MM")&")",IF(TODAY()>G15,"🔴 Fuera de tiempo (debía entregarse "&TEXT(G15,"DD/MM")&")",IF(TODAY()>=WORKDAY(G15,-2,Festivos!$A$3:$A$21),"🟡 Por vencer","")))) | O15: =IF(I15<>"",IF(I15<=G15,IF(I15=G15,"✅ A tiempo","✅ Adelantado "&(NETWORKDAYS(I15,G15,Festivos!$A$3:$A$21)-1)&"d"),"🔴 Retrasado "&(NETWORKDAYS(G15,I15,Festivos!$A$3:$A$21)-1)&"d"),IF(H15<>"","🟡 En desarrollo","⚪ Sin iniciar")) -> ⚪ Sin iniciar | P15: =IF(AND(J15=0,K15="Alto"),"⚠ Cuello de botella","") | Q15: Paralelo a 2.1.1
A16: 2.2.1 | B16: Fase 2 — Desarrollo por bloques | C16: Sprint 2 — Desarrollo: 3 secciones por tipo de cliente | D16: Max, Elan | E16: 8 | F16: =WORKDAY(G14,1,Festivos!$A$3:$A$21) -> 46288 | G16: =WORKDAY(F16,E16-1,Festivos!$A$3:$A$21) -> 46297 | J16: 0 | K16: Alto | L16: =IF(I16<>"","Completado",IF(H16<>"","En curso","Pendiente")) -> Pendiente | M16: =IF(L16="Completado",1,IF(L16="Pendiente",0,IF(F16=G16,IF(TODAY()>=G16,1,0),MIN(MAX((TODAY()-F16)/(G16-F16),0),0.95)))) -> 0 | N16: =IF(L16="Completado","",IF(AND(L16="Pendiente",TODAY()>F16),"🔴 No iniciada (debía empezar "&TEXT(F16,"DD/MM")&")",IF(TODAY()>G16,"🔴 Fuera de tiempo (debía entregarse "&TEXT(G16,"DD/MM")&")",IF(TODAY()>=WORKDAY(G16,-2,Festivos!$A$3:$A$21),"🟡 Por vencer","")))) | O16: =IF(I16<>"",IF(I16<=G16,IF(I16=G16,"✅ A tiempo","✅ Adelantado "&(NETWORKDAYS(I16,G16,Festivos!$A$3:$A$21)-1)&"d"),"🔴 Retrasado "&(NETWORKDAYS(G16,I16,Festivos!$A$3:$A$21)-1)&"d"),IF(H16<>"","🟡 En desarrollo","⚪ Sin iniciar")) -> ⚪ Sin iniciar | P16: =IF(AND(J16=0,K16="Alto"),"⚠ Cuello de botella","") -> ⚠ Cuello de botella | Q16: Depende de 2.1.1
A17: 2.2.2 | B17: Fase 2 — Desarrollo por bloques | C17: QA continua — Sprint 2 | D17: Nata | E17: 8 | F17: =F16 -> 46288 | G17: =WORKDAY(F17,E17-1,Festivos!$A$3:$A$21) -> 46297 | J17: =NETWORKDAYS(G17,G16,Festivos!$A$3:$A$21)-1 -> 0 | K17: Bajo | L17: =IF(I17<>"","Completado",IF(H17<>"","En curso","Pendiente")) -> Pendiente | M17: =IF(L17="Completado",1,IF(L17="Pendiente",0,IF(F17=G17,IF(TODAY()>=G17,1,0),MIN(MAX((TODAY()-F17)/(G17-F17),0),0.95)))) -> 0 | N17: =IF(L17="Completado","",IF(AND(L17="Pendiente",TODAY()>F17),"🔴 No iniciada (debía empezar "&TEXT(F17,"DD/MM")&")",IF(TODAY()>G17,"🔴 Fuera de tiempo (debía entregarse "&TEXT(G17,"DD/MM")&")",IF(TODAY()>=WORKDAY(G17,-2,Festivos!$A$3:$A$21),"🟡 Por vencer","")))) | O17: =IF(I17<>"",IF(I17<=G17,IF(I17=G17,"✅ A tiempo","✅ Adelantado "&(NETWORKDAYS(I17,G17,Festivos!$A$3:$A$21)-1)&"d"),"🔴 Retrasado "&(NETWORKDAYS(G17,I17,Festivos!$A$3:$A$21)-1)&"d"),IF(H17<>"","🟡 En desarrollo","⚪ Sin iniciar")) -> ⚪ Sin iniciar | P17: =IF(AND(J17=0,K17="Alto"),"⚠ Cuello de botella","") | Q17: Paralelo a 2.2.1
A18: 2.3.1 | B18: Fase 2 — Desarrollo por bloques | C18: Sprint 3 — Desarrollo: sección Contacto (formulario + integración CRM) | D18: Max | E18: 5 | F18: =WORKDAY(G16,1,Festivos!$A$3:$A$21) -> 46300 | G18: =WORKDAY(F18,E18-1,Festivos!$A$3:$A$21) -> 46304 | J18: 0 | K18: Alto | L18: =IF(I18<>"","Completado",IF(H18<>"","En curso","Pendiente")) -> Pendiente | M18: =IF(L18="Completado",1,IF(L18="Pendiente",0,IF(F18=G18,IF(TODAY()>=G18,1,0),MIN(MAX((TODAY()-F18)/(G18-F18),0),0.95)))) -> 0 | N18: =IF(L18="Completado","",IF(AND(L18="Pendiente",TODAY()>F18),"🔴 No iniciada (debía empezar "&TEXT(F18,"DD/MM")&")",IF(TODAY()>G18,"🔴 Fuera de tiempo (debía entregarse "&TEXT(G18,"DD/MM")&")",IF(TODAY()>=WORKDAY(G18,-2,Festivos!$A$3:$A$21),"🟡 Por vencer","")))) | O18: =IF(I18<>"",IF(I18<=G18,IF(I18=G18,"✅ A tiempo","✅ Adelantado "&(NETWORKDAYS(I18,G18,Festivos!$A$3:$A$21)-1)&"d"),"🔴 Retrasado "&(NETWORKDAYS(G18,I18,Festivos!$A$3:$A$21)-1)&"d"),IF(H18<>"","🟡 En desarrollo","⚪ Sin iniciar")) -> ⚪ Sin iniciar | P18: =IF(AND(J18=0,K18="Alto"),"⚠ Cuello de botella","") -> ⚠ Cuello de botella | Q18: Depende de 2.2.1 (riesgo: API del CRM propio de Racafé no confirmada)
A19: 2.3.2 | B19: Fase 2 — Desarrollo por bloques | C19: QA continua — Sprint 3 | D19: Nata | E19: 5 | F19: =F18 -> 46300 | G19: =WORKDAY(F19,E19-1,Festivos!$A$3:$A$21) -> 46304 | J19: =NETWORKDAYS(G19,G18,Festivos!$A$3:$A$21)-1 -> 0 | K19: Bajo | L19: =IF(I19<>"","Completado",IF(H19<>"","En curso","Pendiente")) -> Pendiente | M19: =IF(L19="Completado",1,IF(L19="Pendiente",0,IF(F19=G19,IF(TODAY()>=G19,1,0),MIN(MAX((TODAY()-F19)/(G19-F19),0),0.95)))) -> 0 | N19: =IF(L19="Completado","",IF(AND(L19="Pendiente",TODAY()>F19),"🔴 No iniciada (debía empezar "&TEXT(F19,"DD/MM")&")",IF(TODAY()>G19,"🔴 Fuera de tiempo (debía entregarse "&TEXT(G19,"DD/MM")&")",IF(TODAY()>=WORKDAY(G19,-2,Festivos!$A$3:$A$21),"🟡 Por vencer","")))) | O19: =IF(I19<>"",IF(I19<=G19,IF(I19=G19,"✅ A tiempo","✅ Adelantado "&(NETWORKDAYS(I19,G19,Festivos!$A$3:$A$21)-1)&"d"),"🔴 Retrasado "&(NETWORKDAYS(G19,I19,Festivos!$A$3:$A$21)-1)&"d"),IF(H19<>"","🟡 En desarrollo","⚪ Sin iniciar")) -> ⚪ Sin iniciar | P19: =IF(AND(J19=0,K19="Alto"),"⚠ Cuello de botella","") | Q19: Paralelo a 2.3.1
A20: 2.4.1 | B20: Fase 2 — Desarrollo por bloques | C20: Sprint 4 — Desarrollo: landing Crecer | D20: Max, Elan | E20: 7 | F20: =WORKDAY(G18,1,Festivos!$A$3:$A$21) -> 46308 | G20: =WORKDAY(F20,E20-1,Festivos!$A$3:$A$21) -> 46316 | J20: 0 | K20: Medio | L20: =IF(I20<>"","Completado",IF(H20<>"","En curso","Pendiente")) -> Pendiente | M20: =IF(L20="Completado",1,IF(L20="Pendiente",0,IF(F20=G20,IF(TODAY()>=G20,1,0),MIN(MAX((TODAY()-F20)/(G20-F20),0),0.95)))) -> 0 | N20: =IF(L20="Completado","",IF(AND(L20="Pendiente",TODAY()>F20),"🔴 No iniciada (debía empezar "&TEXT(F20,"DD/MM")&")",IF(TODAY()>G20,"🔴 Fuera de tiempo (debía entregarse "&TEXT(G20,"DD/MM")&")",IF(TODAY()>=WORKDAY(G20,-2,Festivos!$A$3:$A$21),"🟡 Por vencer","")))) | O20: =IF(I20<>"",IF(I20<=G20,IF(I20=G20,"✅ A tiempo","✅ Adelantado "&(NETWORKDAYS(I20,G20,Festivos!$A$3:$A$21)-1)&"d"),"🔴 Retrasado "&(NETWORKDAYS(G20,I20,Festivos!$A$3:$A$21)-1)&"d"),IF(H20<>"","🟡 En desarrollo","⚪ Sin iniciar")) -> ⚪ Sin iniciar | P20: =IF(AND(J20=0,K20="Alto"),"⚠ Cuello de botella","") | Q20: Depende de 2.3.1
A21: 2.4.2 | B21: Fase 2 — Desarrollo por bloques | C21: QA continua — Sprint 4 | D21: Nata | E21: 7 | F21: =F20 -> 46308 | G21: =WORKDAY(F21,E21-1,Festivos!$A$3:$A$21) -> 46316 | J21: =NETWORKDAYS(G21,G20,Festivos!$A$3:$A$21)-1 -> 0 | K21: Bajo | L21: =IF(I21<>"","Completado",IF(H21<>"","En curso","Pendiente")) -> Pendiente | M21: =IF(L21="Completado",1,IF(L21="Pendiente",0,IF(F21=G21,IF(TODAY()>=G21,1,0),MIN(MAX((TODAY()-F21)/(G21-F21),0),0.95)))) -> 0 | N21: =IF(L21="Completado","",IF(AND(L21="Pendiente",TODAY()>F21),"🔴 No iniciada (debía empezar "&TEXT(F21,"DD/MM")&")",IF(TODAY()>G21,"🔴 Fuera de tiempo (debía entregarse "&TEXT(G21,"DD/MM")&")",IF(TODAY()>=WORKDAY(G21,-2,Festivos!$A$3:$A$21),"🟡 Por vencer","")))) | O21: =IF(I21<>"",IF(I21<=G21,IF(I21=G21,"✅ A tiempo","✅ Adelantado "&(NETWORKDAYS(I21,G21,Festivos!$A$3:$A$21)-1)&"d"),"🔴 Retrasado "&(NETWORKDAYS(G21,I21,Festivos!$A$3:$A$21)-1)&"d"),IF(H21<>"","🟡 En desarrollo","⚪ Sin iniciar")) -> ⚪ Sin iniciar | P21: =IF(AND(J21=0,K21="Alto"),"⚠ Cuello de botella","") | Q21: Paralelo a 2.4.1
A22: 2.5 | B22: Fase 2 — Desarrollo por bloques | C22: Elaboración del entregable: sitio funcional en ambiente de pruebas | D22: Max, Elan | E22: 1 | F22: =WORKDAY(MAX(G20,G21),1,Festivos!$A$3:$A$21) -> 46317 | G22: =WORKDAY(F22,E22-1,Festivos!$A$3:$A$21) -> 46317 | J22: 0 | K22: Bajo | L22: =IF(I22<>"","Completado",IF(H22<>"","En curso","Pendiente")) -> Pendiente | M22: =IF(L22="Completado",1,IF(L22="Pendiente",0,IF(F22=G22,IF(TODAY()>=G22,1,0),MIN(MAX((TODAY()-F22)/(G22-F22),0),0.95)))) -> 0 | N22: =IF(L22="Completado","",IF(AND(L22="Pendiente",TODAY()>F22),"🔴 No iniciada (debía empezar "&TEXT(F22,"DD/MM")&")",IF(TODAY()>G22,"🔴 Fuera de tiempo (debía entregarse "&TEXT(G22,"DD/MM")&")",IF(TODAY()>=WORKDAY(G22,-2,Festivos!$A$3:$A$21),"🟡 Por vencer","")))) | O22: =IF(I22<>"",IF(I22<=G22,IF(I22=G22,"✅ A tiempo","✅ Adelantado "&(NETWORKDAYS(I22,G22,Festivos!$A$3:$A$21)-1)&"d"),"🔴 Retrasado "&(NETWORKDAYS(G22,I22,Festivos!$A$3:$A$21)-1)&"d"),IF(H22<>"","🟡 En desarrollo","⚪ Sin iniciar")) -> ⚪ Sin iniciar | P22: =IF(AND(J22=0,K22="Alto"),"⚠ Cuello de botella","") | Q22: Depende de 2.4.1 y 2.4.2
A23: H2 | B23: Fase 2 — Desarrollo por bloques | C23: HITO · Desarrollo funcional completo | D23: — | E23: =NETWORKDAYS(F23,G23,Festivos!$A$3:$A$21) -> 26 | F23: =MIN(F14:F22) -> 46281 | G23: =G22 -> 46317 | J23: 0 | K23: =IF(COUNTIF(K14:K22,"Alto")>0,"Alto",IF(COUNTIF(K14:K22,"Medio")>0,"Medio","Bajo")) -> Alto | L23: =IF(COUNTIF(L14:L22,"Completado")=9,"Completado",IF(COUNTIF(L14:L22,"Bloqueado")>0,"Bloqueado",IF(COUNTIF(L14:L22,"En curso")>0,"En curso","Pendiente"))) -> Pendiente | M23: =AVERAGE(M14:M22) -> 0 | N23: =IF(COUNTIF(N14:N22,"🔴*")>0,"🔴 "&COUNTIF(N14:N22,"🔴*")&" tarea(s) atrasada(s)",IF(COUNTIF(N14:N22,"🟡*")>0,"🟡 "&COUNTIF(N14:N22,"🟡*")&" por vencer","")) | O23: =IF(I23<>"",IF(I23<=G23,IF(I23=G23,"✅ A tiempo","✅ Adelantado "&(NETWORKDAYS(I23,G23,Festivos!$A$3:$A$21)-1)&"d"),"🔴 Retrasado "&(NETWORKDAYS(G23,I23,Festivos!$A$3:$A$21)-1)&"d"),IF(H23<>"","🟡 En desarrollo","⚪ Sin iniciar")) -> ⚪ Sin iniciar | P23: =IF(COUNTIF(P14:P22,"*Cuello*")>0,"⚠ "&COUNTIF(P14:P22,"*Cuello*")&" cuello(s) de botella","") -> ⚠ 2 cuello(s) de botella | Q23: Cierra cuando termina 2.5
A24: 3.1 | B24: Fase 3 — Refinamiento | C24: Refinamiento visual e interacción (microinteracciones, ajustes post-QA) | D24: Elan, Max | E24: 5 | F24: =WORKDAY(G23,1,Festivos!$A$3:$A$21) -> 46318 | G24: =WORKDAY(F24,E24-1,Festivos!$A$3:$A$21) -> 46324 | J24: 0 | K24: Bajo | L24: =IF(I24<>"","Completado",IF(H24<>"","En curso","Pendiente")) -> Pendiente | M24: =IF(L24="Completado",1,IF(L24="Pendiente",0,IF(F24=G24,IF(TODAY()>=G24,1,0),MIN(MAX((TODAY()-F24)/(G24-F24),0),0.95)))) -> 0 | N24: =IF(L24="Completado","",IF(AND(L24="Pendiente",TODAY()>F24),"🔴 No iniciada (debía empezar "&TEXT(F24,"DD/MM")&")",IF(TODAY()>G24,"🔴 Fuera de tiempo (debía entregarse "&TEXT(G24,"DD/MM")&")",IF(TODAY()>=WORKDAY(G24,-2,Festivos!$A$3:$A$21),"🟡 Por vencer","")))) | O24: =IF(I24<>"",IF(I24<=G24,IF(I24=G24,"✅ A tiempo","✅ Adelantado "&(NETWORKDAYS(I24,G24,Festivos!$A$3:$A$21)-1)&"d"),"🔴 Retrasado "&(NETWORKDAYS(G24,I24,Festivos!$A$3:$A$21)-1)&"d"),IF(H24<>"","🟡 En desarrollo","⚪ Sin iniciar")) -> ⚪ Sin iniciar | P24: =IF(AND(J24=0,K24="Alto"),"⚠ Cuello de botella","") | Q24: Depende de H2
A25: 3.2 | B25: Fase 3 — Refinamiento | C25: Revisión bilingüe ES/EN | D25: Nata | E25: 3 | F25: =WORKDAY(G24,1,Festivos!$A$3:$A$21) -> 46325 | G25: =WORKDAY(F25,E25-1,Festivos!$A$3:$A$21) -> 46330 | J25: 0 | K25: Bajo | L25: =IF(I25<>"","Completado",IF(H25<>"","En curso","Pendiente")) -> Pendiente | M25: =IF(L25="Completado",1,IF(L25="Pendiente",0,IF(F25=G25,IF(TODAY()>=G25,1,0),MIN(MAX((TODAY()-F25)/(G25-F25),0),0.95)))) -> 0 | N25: =IF(L25="Completado","",IF(AND(L25="Pendiente",TODAY()>F25),"🔴 No iniciada (debía empezar "&TEXT(F25,"DD/MM")&")",IF(TODAY()>G25,"🔴 Fuera de tiempo (debía entregarse "&TEXT(G25,"DD/MM")&")",IF(TODAY()>=WORKDAY(G25,-2,Festivos!$A$3:$A$21),"🟡 Por vencer","")))) | O25: =IF(I25<>"",IF(I25<=G25,IF(I25=G25,"✅ A tiempo","✅ Adelantado "&(NETWORKDAYS(I25,G25,Festivos!$A$3:$A$21)-1)&"d"),"🔴 Retrasado "&(NETWORKDAYS(G25,I25,Festivos!$A$3:$A$21)-1)&"d"),IF(H25<>"","🟡 En desarrollo","⚪ Sin iniciar")) -> ⚪ Sin iniciar | P25: =IF(AND(J25=0,K25="Alto"),"⚠ Cuello de botella","") | Q25: Depende de 3.1
A26: 3.3 | B26: Fase 3 — Refinamiento | C26: Verificación de tracking (UTM, GA4, Meta Pixel, Google Pixel) | D26: Nata | E26: 3 | F26: =F25 -> 46325 | G26: =WORKDAY(F26,E26-1,Festivos!$A$3:$A$21) -> 46330 | J26: =NETWORKDAYS(G26,G25,Festivos!$A$3:$A$21)-1 -> 0 | K26: Medio | L26: =IF(I26<>"","Completado",IF(H26<>"","En curso","Pendiente")) -> Pendiente | M26: =IF(L26="Completado",1,IF(L26="Pendiente",0,IF(F26=G26,IF(TODAY()>=G26,1,0),MIN(MAX((TODAY()-F26)/(G26-F26),0),0.95)))) -> 0 | N26: =IF(L26="Completado","",IF(AND(L26="Pendiente",TODAY()>F26),"🔴 No iniciada (debía empezar "&TEXT(F26,"DD/MM")&")",IF(TODAY()>G26,"🔴 Fuera de tiempo (debía entregarse "&TEXT(G26,"DD/MM")&")",IF(TODAY()>=WORKDAY(G26,-2,Festivos!$A$3:$A$21),"🟡 Por vencer","")))) | O26: =IF(I26<>"",IF(I26<=G26,IF(I26=G26,"✅ A tiempo","✅ Adelantado "&(NETWORKDAYS(I26,G26,Festivos!$A$3:$A$21)-1)&"d"),"🔴 Retrasado "&(NETWORKDAYS(G26,I26,Festivos!$A$3:$A$21)-1)&"d"),IF(H26<>"","🟡 En desarrollo","⚪ Sin iniciar")) -> ⚪ Sin iniciar | P26: =IF(AND(J26=0,K26="Alto"),"⚠ Cuello de botella","") | Q26: Paralelo a 3.2
A27: 4.1 | B27: Fase 4 — Cierre y despliegue | C27: Pruebas de aceptación integrales | D27: Nata, Cliente | E27: 4 | F27: =WORKDAY(MAX(G25,G26),1,Festivos!$A$3:$A$21) -> 46331 | G27: =WORKDAY(F27,E27-1,Festivos!$A$3:$A$21) -> 46336 | J27: 0 | K27: Medio | L27: =IF(I27<>"","Completado",IF(H27<>"","En curso","Pendiente")) -> Pendiente | M27: =IF(L27="Completado",1,IF(L27="Pendiente",0,IF(F27=G27,IF(TODAY()>=G27,1,0),MIN(MAX((TODAY()-F27)/(G27-F27),0),0.95)))) -> 0 | N27: =IF(L27="Completado","",IF(AND(L27="Pendiente",TODAY()>F27),"🔴 No iniciada (debía empezar "&TEXT(F27,"DD/MM")&")",IF(TODAY()>G27,"🔴 Fuera de tiempo (debía entregarse "&TEXT(G27,"DD/MM")&")",IF(TODAY()>=WORKDAY(G27,-2,Festivos!$A$3:$A$21),"🟡 Por vencer","")))) | O27: =IF(I27<>"",IF(I27<=G27,IF(I27=G27,"✅ A tiempo","✅ Adelantado "&(NETWORKDAYS(I27,G27,Festivos!$A$3:$A$21)-1)&"d"),"🔴 Retrasado "&(NETWORKDAYS(G27,I27,Festivos!$A$3:$A$21)-1)&"d"),IF(H27<>"","🟡 En desarrollo","⚪ Sin iniciar")) -> ⚪ Sin iniciar | P27: =IF(AND(J27=0,K27="Alto"),"⚠ Cuello de botella","") | Q27: Depende de 3.2 y 3.3
A28: 4.2 | B28: Fase 4 — Cierre y despliegue | C28: Corrección de hallazgos | D28: Max, Elan | E28: 3 | F28: =WORKDAY(G27,1,Festivos!$A$3:$A$21) -> 46337 | G28: =WORKDAY(F28,E28-1,Festivos!$A$3:$A$21) -> 46339 | J28: 0 | K28: Medio | L28: =IF(I28<>"","Completado",IF(H28<>"","En curso","Pendiente")) -> Pendiente | M28: =IF(L28="Completado",1,IF(L28="Pendiente",0,IF(F28=G28,IF(TODAY()>=G28,1,0),MIN(MAX((TODAY()-F28)/(G28-F28),0),0.95)))) -> 0 | N28: =IF(L28="Completado","",IF(AND(L28="Pendiente",TODAY()>F28),"🔴 No iniciada (debía empezar "&TEXT(F28,"DD/MM")&")",IF(TODAY()>G28,"🔴 Fuera de tiempo (debía entregarse "&TEXT(G28,"DD/MM")&")",IF(TODAY()>=WORKDAY(G28,-2,Festivos!$A$3:$A$21),"🟡 Por vencer","")))) | O28: =IF(I28<>"",IF(I28<=G28,IF(I28=G28,"✅ A tiempo","✅ Adelantado "&(NETWORKDAYS(I28,G28,Festivos!$A$3:$A$21)-1)&"d"),"🔴 Retrasado "&(NETWORKDAYS(G28,I28,Festivos!$A$3:$A$21)-1)&"d"),IF(H28<>"","🟡 En desarrollo","⚪ Sin iniciar")) -> ⚪ Sin iniciar | P28: =IF(AND(J28=0,K28="Alto"),"⚠ Cuello de botella","") | Q28: Depende de 4.1
A29: 4.3 | B29: Fase 4 — Cierre y despliegue | C29: Validación final TI Racafé + aprobación cliente | D29: Sistemas Racafé, David Hoyos, Cliente | E29: 2 | F29: =WORKDAY(G28,1,Festivos!$A$3:$A$21) -> 46343 | G29: =WORKDAY(F29,E29-1,Festivos!$A$3:$A$21) -> 46344 | J29: 0 | K29: Alto | L29: =IF(I29<>"","Completado",IF(H29<>"","En curso","Pendiente")) -> Pendiente | M29: =IF(L29="Completado",1,IF(L29="Pendiente",0,IF(F29=G29,IF(TODAY()>=G29,1,0),MIN(MAX((TODAY()-F29)/(G29-F29),0),0.95)))) -> 0 | N29: =IF(L29="Completado","",IF(AND(L29="Pendiente",TODAY()>F29),"🔴 No iniciada (debía empezar "&TEXT(F29,"DD/MM")&")",IF(TODAY()>G29,"🔴 Fuera de tiempo (debía entregarse "&TEXT(G29,"DD/MM")&")",IF(TODAY()>=WORKDAY(G29,-2,Festivos!$A$3:$A$21),"🟡 Por vencer","")))) | O29: =IF(I29<>"",IF(I29<=G29,IF(I29=G29,"✅ A tiempo","✅ Adelantado "&(NETWORKDAYS(I29,G29,Festivos!$A$3:$A$21)-1)&"d"),"🔴 Retrasado "&(NETWORKDAYS(G29,I29,Festivos!$A$3:$A$21)-1)&"d"),IF(H29<>"","🟡 En desarrollo","⚪ Sin iniciar")) -> ⚪ Sin iniciar | P29: =IF(AND(J29=0,K29="Alto"),"⚠ Cuello de botella","") -> ⚠ Cuello de botella | Q29: Depende de 4.2 (fuera de control directo del equipo)
A30: 4.4 | B30: Fase 4 — Cierre y despliegue | C30: Despliegue a producción + capacitación | D30: Max, Elan, Sistemas Racafé | E30: 2 | F30: =WORKDAY(G29,1,Festivos!$A$3:$A$21) -> 46345 | G30: =WORKDAY(F30,E30-1,Festivos!$A$3:$A$21) -> 46346 | J30: 0 | K30: Medio | L30: =IF(I30<>"","Completado",IF(H30<>"","En curso","Pendiente")) -> Pendiente | M30: =IF(L30="Completado",1,IF(L30="Pendiente",0,IF(F30=G30,IF(TODAY()>=G30,1,0),MIN(MAX((TODAY()-F30)/(G30-F30),0),0.95)))) -> 0 | N30: =IF(L30="Completado","",IF(AND(L30="Pendiente",TODAY()>F30),"🔴 No iniciada (debía empezar "&TEXT(F30,"DD/MM")&")",IF(TODAY()>G30,"🔴 Fuera de tiempo (debía entregarse "&TEXT(G30,"DD/MM")&")",IF(TODAY()>=WORKDAY(G30,-2,Festivos!$A$3:$A$21),"🟡 Por vencer","")))) | O30: =IF(I30<>"",IF(I30<=G30,IF(I30=G30,"✅ A tiempo","✅ Adelantado "&(NETWORKDAYS(I30,G30,Festivos!$A$3:$A$21)-1)&"d"),"🔴 Retrasado "&(NETWORKDAYS(G30,I30,Festivos!$A$3:$A$21)-1)&"d"),IF(H30<>"","🟡 En desarrollo","⚪ Sin iniciar")) -> ⚪ Sin iniciar | P30: =IF(AND(J30=0,K30="Alto"),"⚠ Cuello de botella","") | Q30: Depende de 4.3
A31: 4.5 | B31: Fase 4 — Cierre y despliegue | C31: Elaboración del entregable: sitio en producción, entrega final al cliente | D31: Max, Elan, Sistemas Racafé | E31: 1 | F31: =WORKDAY(G30,1,Festivos!$A$3:$A$21) -> 46349 | G31: =WORKDAY(F31,E31-1,Festivos!$A$3:$A$21) -> 46349 | J31: 0 | K31: Bajo | L31: =IF(I31<>"","Completado",IF(H31<>"","En curso","Pendiente")) -> Pendiente | M31: =IF(L31="Completado",1,IF(L31="Pendiente",0,IF(F31=G31,IF(TODAY()>=G31,1,0),MIN(MAX((TODAY()-F31)/(G31-F31),0),0.95)))) -> 0 | N31: =IF(L31="Completado","",IF(AND(L31="Pendiente",TODAY()>F31),"🔴 No iniciada (debía empezar "&TEXT(F31,"DD/MM")&")",IF(TODAY()>G31,"🔴 Fuera de tiempo (debía entregarse "&TEXT(G31,"DD/MM")&")",IF(TODAY()>=WORKDAY(G31,-2,Festivos!$A$3:$A$21),"🟡 Por vencer","")))) | O31: =IF(I31<>"",IF(I31<=G31,IF(I31=G31,"✅ A tiempo","✅ Adelantado "&(NETWORKDAYS(I31,G31,Festivos!$A$3:$A$21)-1)&"d"),"🔴 Retrasado "&(NETWORKDAYS(G31,I31,Festivos!$A$3:$A$21)-1)&"d"),IF(H31<>"","🟡 En desarrollo","⚪ Sin iniciar")) -> ⚪ Sin iniciar | P31: =IF(AND(J31=0,K31="Alto"),"⚠ Cuello de botella","") | Q31: Depende de 4.4
A32: H3 | B32: Fase 4 — Cierre y despliegue | C32: HITO · Lanzamiento | D32: — | E32: =NETWORKDAYS(F32,G32,Festivos!$A$3:$A$21) -> 12 | F32: =MIN(F27:F31) -> 46331 | G32: =G31 -> 46349 | J32: 0 | K32: =IF(COUNTIF(K27:K31,"Alto")>0,"Alto",IF(COUNTIF(K27:K31,"Medio")>0,"Medio","Bajo")) -> Alto | L32: =IF(COUNTIF(L27:L31,"Completado")=5,"Completado",IF(COUNTIF(L27:L31,"Bloqueado")>0,"Bloqueado",IF(COUNTIF(L27:L31,"En curso")>0,"En curso","Pendiente"))) -> Pendiente | M32: =AVERAGE(M27:M31) -> 0 | N32: =IF(COUNTIF(N27:N31,"🔴*")>0,"🔴 "&COUNTIF(N27:N31,"🔴*")&" tarea(s) atrasada(s)",IF(COUNTIF(N27:N31,"🟡*")>0,"🟡 "&COUNTIF(N27:N31,"🟡*")&" por vencer","")) | O32: =IF(I32<>"",IF(I32<=G32,IF(I32=G32,"✅ A tiempo","✅ Adelantado "&(NETWORKDAYS(I32,G32,Festivos!$A$3:$A$21)-1)&"d"),"🔴 Retrasado "&(NETWORKDAYS(G32,I32,Festivos!$A$3:$A$21)-1)&"d"),IF(H32<>"","🟡 En desarrollo","⚪ Sin iniciar")) -> ⚪ Sin iniciar | P32: =IF(COUNTIF(P27:P31,"*Cuello*")>0,"⚠ "&COUNTIF(P27:P31,"*Cuello*")&" cuello(s) de botella","") -> ⚠ 1 cuello(s) de botella | Q32: Cierra cuando termina 4.5
A33: ★ | B33: Todas las fases | C33: PROYECTO — Avance general | D33: — | E33: =NETWORKDAYS(F33,G33,Festivos!$A$3:$A$21) -> 60 | F33: =MIN(F4:F32) -> 46261 | G33: =MAX(G4:G32) -> 46349 | K33: =IF(COUNTIFS(K4:K32,"Alto",A4:A32,"<>H1",A4:A32,"<>H2",A4:A32,"<>H3")>0,"Alto",IF(COUNTIFS(K4:K32,"Medio",A4:A32,"<>H1",A4:A32,"<>H2",A4:A32,"<>H3")>0,"Medio","Bajo")) -> Alto | L33: =IF(COUNTIFS(L4:L32,"Completado",A4:A32,"<>H1",A4:A32,"<>H2",A4:A32,"<>H3")=26,"Completado",IF(COUNTIFS(L4:L32,"Bloqueado",A4:A32,"<>H1",A4:A32,"<>H2",A4:A32,"<>H3")>0,"Bloqueado",IF(COUNTIFS(L4:L32,"En curso",A4:A32,"<>H1",A4:A32,"<>H2",A4:A32,"<>H3")>0,"En curso","Pendiente"))) -> En curso | M33: =AVERAGEIFS(M4:M32,A4:A32,"<>H1",A4:A32,"<>H2",A4:A32,"<>H3") -> 0.038461538 | N33: =IF(COUNTIFS(N4:N32,"🔴*",A4:A32,"<>H1",A4:A32,"<>H2",A4:A32,"<>H3")>0,"🔴 "&COUNTIFS(N4:N32,"🔴*",A4:A32,"<>H1",A4:A32,"<>H2",A4:A32,"<>H3")&" tarea(s) atrasada(s)",IF(COUNTIFS(N4:N32,"🟡*",A4:A32,"<>H1",A4:A32,"<>H2",A4:A32,"<>H3")>0,"🟡 "&COUNTIFS(N4:N32,"🟡*",A4:A32,"<>H1",A4:A32,"<>H2",A4:A32,"<>H3")&" por vencer","")) | P33: =IF(COUNTIFS(P4:P32,"*Cuello*",A4:A32,"<>H1",A4:A32,"<>H2",A4:A32,"<>H3")>0,"⚠ "&COUNTIFS(P4:P32,"*Cuello*",A4:A32,"<>H1",A4:A32,"<>H2",A4:A32,"<>H3")&" cuello(s) de botella","") -> ⚠ 4 cuello(s) de botella | Q33: Resumen de todo el proyecto: Fase 1 a Fase 4 (1.1 a H3)
A35: Columnas en amarillo (H, I) = ÚNICO campo de entrada manual: fecha real en que empezó/terminó cada tarea. Todo lo demás se calcula solo a partir de esas dos fechas: Estado (columna oculta), "% Avance" y "Alerta" se calculan con la fecha de hoy vs. las fechas plan (F, G) y las fechas reales (H, I). "Cumplimiento" (O) compara las fechas reales (H, I) contra el plan una vez que las registras. Las filas H1/H2/H3 son resúmenes de fase (de la primera a la última tarea de esa fase) y la fila ★ es el resumen de TODO el proyecto: sus barras se rellenan de gris a verde según el % de avance promedio de las tareas correspondientes. Barras de tareas normales (1 columna = 1 día hábil, sin fines de semana ni festivos): azul = en tiempo, verde = Completado, ámbar = por vencer, rojo = atrasada/no iniciada a tiempo; la columna dorada marca el día de hoy.
A36: Cálculos internos del Gantt (no editar) — fecha de corte de avance por fase, usada para pintar la barra resumen de cada hito
A37: Corte de avance — Fase 1 (H1) | B37: =WORKDAY(F13,ROUND(AVERAGE(M4:M12)*E13,0)-1,Festivos!$A$3:$A$21) -> 46262
A38: Corte de avance — Fase 2 (H2) | B38: =WORKDAY(F23,ROUND(AVERAGE(M14:M22)*E23,0)-1,Festivos!$A$3:$A$21) -> 46280
A39: Corte de avance — Fase 4 (H3) | B39: =WORKDAY(F32,ROUND(AVERAGE(M27:M31)*E32,0)-1,Festivos!$A$3:$A$21) -> 46330
A40: Corte de avance — PROYECTO (global) | B40: =WORKDAY(F33,ROUND(AVERAGE(M4:M32)*E33,0)-1,Festivos!$A$3:$A$21) -> 46262

Sheet Dashboard
B2: PANORAMA DEL PROYECTO
B3: Reconversión racafe.com.co
B5: FECHA DE INICIO | D5: LANZAMIENTO ESTIMADO (HITO 3) | F5: FECHA COMPROMISO (+ COLCHÓN)
B6: =Config!$B$3 -> 46261 | D6: =Cronograma!G32 -> 46349 | F6: =WORKDAY(Cronograma!G32,Config!$B$5,Festivos!$A$3:$A$21) -> 46363
B9: DÍAS HÁBILES TOTALES | D9: SEMANAS CALENDARIO | F9: FESTIVOS EN EL RANGO
B10: =NETWORKDAYS(Config!$B$3,Cronograma!G32,Festivos!$A$3:$A$21) -> 60 | D10: =(Cronograma!G32-Config!$B$3)/7 -> 12.571429 | F10: =COUNTIFS(Festivos!$A$3:$A$21,">="&Config!$B$3,Festivos!$A$3:$A$21,"<="&Cronograma!G32) -> 3
B13: CUELLOS DE BOTELLA | D13: ALERTAS ACTIVAS HOY | F13: TAREAS COMPLETADAS
B14: =COUNTIF(Cronograma!P4:P32,"*Cuello*") -> 7 | D14: =COUNTIF(Cronograma!N4:N32,"🔴*")+COUNTIF(Cronograma!N4:N32,"🟡*") -> 0 | F14: =COUNTIF(Cronograma!L4:L32,"Completado")&"/"&29 -> 1/29
B17: "Cuellos de botella" y "Alertas activas" te dicen qué mirar primero. "Tareas completadas" cuenta sobre el total de bloques del cronograma (incluye los 3 hitos).
B19: DURACIÓN POR FASE
B20: Fase | C20: Inicio (plan) | D20: Fin (plan) | E20: Días hábiles
B21: Fase 1 — Definición técnica y diseño | C21: =_xlfn.MINIFS(Cronograma!F4:F32,Cronograma!B4:B32,B21) -> 46261 | D21: =_xlfn.MAXIFS(Cronograma!G4:G32,Cronograma!B4:B32,B21) -> 46280 | E21: =NETWORKDAYS(C21,D21,Festivos!$A$3:$A$21) -> 14
B22: Fase 2 — Desarrollo por bloques | C22: =_xlfn.MINIFS(Cronograma!F4:F32,Cronograma!B4:B32,B22) -> 46281 | D22: =_xlfn.MAXIFS(Cronograma!G4:G32,Cronograma!B4:B32,B22) -> 46317 | E22: =NETWORKDAYS(C22,D22,Festivos!$A$3:$A$21) -> 26
B23: Fase 3 — Refinamiento | C23: =_xlfn.MINIFS(Cronograma!F4:F32,Cronograma!B4:B32,B23) -> 46318 | D23: =_xlfn.MAXIFS(Cronograma!G4:G32,Cronograma!B4:B32,B23) -> 46330 | E23: =NETWORKDAYS(C23,D23,Festivos!$A$3:$A$21) -> 8
B24: Fase 4 — Cierre y despliegue | C24: =_xlfn.MINIFS(Cronograma!F4:F32,Cronograma!B4:B32,B24) -> 46331 | D24: =_xlfn.MAXIFS(Cronograma!G4:G32,Cronograma!B4:B32,B24) -> 46349 | E24: =NETWORKDAYS(C24,D24,Festivos!$A$3:$A$21) -> 12
B26: Las fechas y totales se recalculan solos al cambiar la fecha de inicio en Config. "% Avance" y "Alerta" en Cronograma usan la fecha de hoy y se actualizan cada vez que abres el archivo.

Sheet Sprints y Entregas
A1: PUNTOS DE ENTREGA Y RETROALIMENTACIÓN CON EL CLIENTE
A2: Hito / entrega | B2: Qué se entrega | C2: Fecha (recalculada) | D2: Participan
A3: Revisión de diseño — Ronda 1 | B3: Propuesta visual completa en Figma (home + navegación) para validación | C3: =Cronograma!F6 -> 46273 | D3: Cliente, David Hoyos, Diseñador, Elan
A4: Revisión de diseño — Ronda 2 | B4: Diseño ajustado tras la Ronda 1, para aprobación final | C4: =Cronograma!F8 -> 46276 | D4: Cliente, David Hoyos, Diseñador, Elan
A5: Hito 1 — Diseño aprobado y base técnica lista | B5: Diseño final aprobado + repo/ambientes listos para empezar a construir | C5: =Cronograma!G13 -> 46280 | D5: Elan, Diseñador, Max, Sistemas Racafé
A6: Demo Sprint 1 | B6: Home funcional (landing con los 3 temas + selector) | C6: =Cronograma!G14 -> 46287 | D6: Cliente, David Hoyos
A7: Demo Sprint 2 | B7: 3 secciones por tipo de cliente, funcionales | C7: =Cronograma!G16 -> 46297 | D7: Cliente, David Hoyos
A8: Demo Sprint 3 | B8: Sección Contacto con formulario conectado al CRM | C8: =Cronograma!G18 -> 46304 | D8: Cliente, David Hoyos, Sistemas Racafé
A9: Demo Sprint 4 | B9: Landing Crecer funcional | C9: =Cronograma!G20 -> 46316 | D9: Cliente, David Hoyos
A10: Hito 2 — Desarrollo funcional completo | B10: Sitio completo navegable en ambiente de pruebas | C10: =Cronograma!G23 -> 46317 | D10: Elan, Max, Nata
A11: Sesión de pruebas de aceptación (UAT) | B11: Checklist de aceptación transversal: formularios→CRM, bilingüe, tracking, responsive | C11: =Cronograma!F27 -> 46331 | D11: Nata, Cliente
A12: Validación final y aprobación | B12: Aprobación de TI Racafé y del cliente antes de salir a producción | C12: =Cronograma!F29 -> 46343 | D12: Sistemas Racafé, David Hoyos, Cliente
A13: Hito 3 — Lanzamiento | B13: Sitio en producción + capacitación al equipo de Racafé | C13: =Cronograma!G32 -> 46349 | D13: Todo el equipo

Sheet Equipo
A1: EQUIPO DEL PROYECTO
A2: Rol | B2: Persona / Área | C2: Responsabilidad principal
A3: Cliente | B3: Interesados de Racafé | C3: Avala y aprueba los avances del proyecto en cada punto de entrega
A4: Jefe de depura-creatividad | B4: David Hoyos | C4: Representa a la agencia frente al cliente; responde por el avance del proyecto
A5: Líder de proyecto | B5: Elan | C5: Ingeniero de sistemas; lleva las riendas del proyecto, asigna tareas y prioridades, diseño
A6: Diseñador | B6: Por definir | C6: Diseño UX/UI en Figma: propuesta visual, sistema de navegación y ajustes tras cada ronda de retroalimentación del cliente
A7: Desarrollo | B7: Max | C7: Desarrollo, servidores y despliegue
A8: QA | B8: Nata | C8: Validación continua por bloque: formularios→CRM, bilingüe ES/EN, responsive, tracking, checklist de pre-calificación
A9: Sistemas Racafé | B9: Equipo de TI de Racafé | C9: Configuración de servidor, migración, backups y restauraciones; validación final de seguridad
A10: Consultor Externo | B10: Por definir | C10: Recomendaciones de arquitectura, estructuras y seguridad
